name,email
Tannie Nowakowska,tnowakowska0@comsenz.com
Jorge Couronne,jcouronne1@addtoany.com
Andrei Dahl,adahl2@ebay.co.uk
Danica McCracken,dmccracken3@sbwire.com
Eileen Riddick,eriddick4@scientificamerican.com
Kit Simson,ksimson5@multiply.com
Saunderson Asaaf,sasaaf6@jalbum.net
Janeta Gribben,jgribben7@psu.edu
Cori Baudrey,cbaudrey8@businessweek.com
Dallis Henrys,dhenrys9@answers.com
Lilli Seid,lseida@php.net
Dickie Sinkins,dsinkinsb@webeden.co.uk
Daisie Greatbanks,dgreatbanksc@wufoo.com
Chrissy Pattini,cpattinid@reddit.com
Leontyne Garci,lgarcie@alexa.com
Emalia Hamlington,ehamlingtonf@123-reg.co.uk
Glenn Dundin,gdunding@usatoday.com
Earl Slisby,eslisbyh@wisc.edu
Vasili Klishin,vklishini@nyu.edu
Nessa Garry,ngarryj@gov.uk
Mara Borborough,mborboroughk@wunderground.com
Brose Kimbury,bkimburyl@oaic.gov.au
Rachele Gomby,rgombym@ucoz.ru
Demetra Kingsly,dkingslyn@ebay.co.uk
Brenn Hidderley,bhidderleyo@miibeian.gov.cn
Louie Islep,lislepp@tamu.edu
Jobina Toovey,jtooveyq@livejournal.com
Dewitt Skynner,dskynnerr@google.com.br
Spencer Scott,sscotts@slate.com
Janos Tregenna,jtregennat@fastcompany.com
Charlena Stenner,cstenneru@baidu.com
Merla Illston,millstonv@mashable.com
Lolita Moatt,lmoattw@msu.edu
Godart Thursfield,gthursfieldx@ucla.edu
Lissy Huddlestone,lhuddlestoney@wiley.com
Land Vasenin,lvaseninz@flickr.com
Mitzi Bullivent,mbullivent10@cbsnews.com
Munroe Asmus,masmus11@blogspot.com
Melodie Brittin,mbrittin12@tmall.com
Berne Eveleigh,beveleigh13@nifty.com
Jaimie Potteridge,jpotteridge14@nyu.edu
Gauthier Carlyle,gcarlyle15@time.com
Corrie Hattam,chattam16@msu.edu
Erich Worthy,eworthy17@mediafire.com
Zaccaria Antrobus,zantrobus18@storify.com
Jeane Winterborne,jwinterborne19@weibo.com
Ricki Powe,rpowe1a@joomla.org
Juana Clotworthy,jclotworthy1b@over-blog.com
Ajay Bubeer,abubeer1c@amazon.de
Viv Heeran,vheeran1d@sciencedaily.com
Svend Upstone,supstone1e@apple.com
Margo Hryniewicki,mhryniewicki1f@jiathis.com
Jerrold Bagley,jbagley1g@nbcnews.com
Junette Southgate,jsouthgate1h@arizona.edu
Gerome Lorkings,glorkings1i@webnode.com
Ailee O'Gleasane,aogleasane1j@mlb.com
Alister McGreay,amcgreay1k@sbwire.com
Jillana Prandy,jprandy1l@cornell.edu
Michaeline Cripwell,mcripwell1m@chron.com
Korie Cleverley,kcleverley1n@opera.com
Donal Pappi,dpappi1o@upenn.edu
Dulcinea Matskevich,dmatskevich1p@issuu.com
Kare Sayburn,ksayburn1q@netscape.com
Brandy Dewicke,bdewicke1r@spiegel.de
Ruthann Bertram,rbertram1s@nature.com
Marquita Mussington,mmussington1t@go.com
Bendite De Cristofalo,bdecristofalo1u@multiply.com
Jesus Cocozza,jcocozza1v@seesaa.net
Adena Peyntue,apeyntue1w@newyorker.com
Randy Pallin,rpallin1x@wiley.com
Nicola Kroll,nkroll1y@live.com
Tades de Voiels,tdevoiels1z@freewebs.com
Tymon D'Agostini,tdagostini20@t.co
Stefania Huntley,shuntley21@github.io
Lowe McNeachtain,lmcneachtain22@vk.com
Torrance Sketchley,tsketchley23@wikispaces.com
Gerda Rebanks,grebanks24@vimeo.com
Rosanna Stanlock,rstanlock25@redcross.org
Haroun Dayes,hdayes26@twitter.com
Madelena Cowper,mcowper27@constantcontact.com
Yalonda Trowsdale,ytrowsdale28@google.de
Wiatt Swiers,wswiers29@oaic.gov.au
Elyssa Po,epo2a@rambler.ru
Keir Pyper,kpyper2b@ucsd.edu
Lynnett Bolgar,lbolgar2c@4shared.com
Ram Porritt,rporritt2d@hubpages.com
Bobbie Sanney,bsanney2e@twitter.com
Gaston Welberry,gwelberry2f@goo.gl
Lona Works,lworks2g@bluehost.com
Sonny Moxson,smoxson2h@storify.com
Jacquelin Aleshkov,jaleshkov2i@mit.edu
Giorgio Twitchett,gtwitchett2j@wikimedia.org
Karlee Phillippo,kphillippo2k@msn.com
Nonnah Roskell,nroskell2l@purevolume.com
Omar Leedal,oleedal2m@ovh.net
Bidget Pallister,bpallister2n@arizona.edu
Hayward Colkett,hcolkett2o@godaddy.com
Salomon Klainer,sklainer2p@mapy.cz
Caresa Aaronsohn,caaronsohn2q@phpbb.com
Pearce Tasseler,ptasseler2r@hud.gov
